"ID","Class"
6284,A
6285,E
6286,A
6287,A
6288,S
6289,r
6290,O
6291,U
6292,a
6293,H
6294,N
6295,R
6296,R
6297,H
6298,e
6299,A
6300,A
6301,R
6302,x
6303,S
6304,M
6305,E
6306,R
6307,R
6308,R
6309,E
6310,A
6311,O
6312,D
6313,r
6314,A
6315,W
6316,e
6317,V
6318,e
6319,T
6320,L
6321,H
6322,0
6323,I
6324,W
6325,I
6326,A
6327,N
6328,C
6329,l
6330,O
6331,A
6332,i
6333,v
6334,N
6335,E
6336,i
6337,I
6338,N
6339,I
6340,O
6341,e
6342,H
6343,R
6344,o
6345,e
6346,E
6347,2
6348,i
6349,F
6350,O
6351,p
6352,E
6353,I
6354,O
6355,A
6356,O
6357,I
6358,r
6359,N
6360,N
6361,N
6362,N
6363,E
6364,A
6365,M
6366,A
6367,A
6368,R
6369,I
6370,y
6371,A
6372,N
6373,R
6374,A
6375,R
6376,L
6377,A
6378,H
6379,S
6380,T
6381,N
6382,O
6383,E
6384,R
6385,R
6386,R
6387,A
6388,n
6389,O
6390,A
6391,e
6392,T
6393,e
6394,A
6395,E
6396,L
6397,O
6398,S
6399,A
6400,L
6401,S
6402,E
6403,E
6404,N
6405,V
6406,O
6407,T
6408,I
6409,N
6410,N
6411,C
6412,I
6413,O
6414,R
6415,A
6416,N
6417,O
6418,P
6419,R
6420,e
6421,M
6422,O
6423,N
6424,S
6425,E
6426,s
6427,A
6428,n
6429,O
6430,U
6431,S
6432,J
6433,S
6434,E
6435,D
6436,D
6437,T
6438,C
6439,o
6440,A
6441,R
6442,R
6443,D
6444,s
6445,i
6446,E
6447,I
6448,N
6449,A
6450,I
6451,L
6452,e
6453,S
6454,R
6455,E
6456,R
6457,A
6458,I
6459,T
6460,H
6461,N
6462,A
6463,A
6464,A
6465,C
6466,H
6467,C
6468,A
6469,A
6470,O
6471,H
6472,A
6473,S
6474,E
6475,N
6476,A
6477,D
6478,R
6479,A
6480,N
6481,T
6482,H
6483,T
6484,A
6485,H
6486,W
6487,A
6488,E
6489,P
6490,C
6491,O
6492,P
6493,A
6494,Y
6495,R
6496,A
6497,a
6498,N
6499,U
6500,S
6501,t
6502,E
6503,n
6504,A
6505,R
6506,M
6507,I
6508,a
6509,E
6510,N
6511,E
6512,E
6513,I
6514,M
6515,A
6516,N
6517,O
6518,A
6519,N
6520,O
6521,e
6522,R
6523,T
6524,S
6525,L
6526,E
6527,A
6528,c
6529,R
6530,r
6531,O
6532,E
6533,s
6534,R
6535,o
6536,S
6537,R
6538,E
6539,D
6540,I
6541,O
6542,E
6543,E
6544,O
6545,h
6546,D
6547,T
6548,R
6549,I
6550,A
6551,O
6552,N
6553,M
6554,e
6555,I
6556,w
6557,O
6558,T
6559,I
6560,2
6561,A
6562,O
6563,n
6564,G
6565,E
6566,R
6567,R
6568,U
6569,S
6570,F
6571,O
6572,O
6573,N
6574,S
6575,D
6576,R
6577,O
6578,0
6579,E
6580,A
6581,A
6582,R
6583,I
6584,A
6585,T
6586,I
6587,S
6588,C
6589,S
6590,A
6591,E
6592,I
6593,C
6594,e
6595,e
6596,a
6597,O
6598,I
6599,A
6600,I
6601,O
6602,P
6603,E
6604,O
6605,S
6606,L
6607,E
6608,N
6609,T
6610,N
6611,O
6612,A
6613,E
6614,n
6615,C
6616,D
6617,P
6618,M
6619,A
6620,R
6621,O
6622,C
6623,O
6624,R
6625,n
6626,G
6627,P
6628,O
6629,S
6630,K
6631,O
6632,T
6633,A
6634,O
6635,E
6636,L
6637,L
6638,T
6639,E
6640,C
6641,T
6642,P
6643,R
6644,S
6645,R
6646,i
6647,C
6648,R
6649,u
6650,P
6651,E
6652,e
6653,o
6654,N
6655,F
6656,A
6657,P
6658,K
6659,E
6660,e
6661,E
6662,L
6663,R
6664,E
6665,A
6666,R
6667,o
6668,A
6669,I
6670,I
6671,C
6672,H
6673,O
6674,R
6675,P
6676,A
6677,n
6678,P
6679,T
6680,L
6681,I
6682,E
6683,L
6684,A
6685,O
6686,R
6687,A
6688,n
6689,L
6690,A
6691,s
6692,T
6693,I
6694,M
6695,U
6696,E
6697,E
6698,P
6699,A
6700,H
6701,0
6702,K
6703,I
6704,O
6705,H
6706,H
6707,L
6708,I
6709,C
6710,I
6711,O
6712,n
6713,A
6714,E
6715,E
6716,A
6717,E
6718,A
6719,R
6720,V
6721,S
6722,H
6723,M
6724,n
6725,R
6726,T
6727,N
6728,E
6729,C
6730,A
6731,H
6732,T
6733,E
6734,E
6735,T
6736,a
6737,O
6738,A
6739,n
6740,E
6741,R
6742,I
6743,E
6744,A
6745,L
6746,R
6747,N
6748,a
6749,A
6750,I
6751,T
6752,N
6753,n
6754,E
6755,O
6756,T
6757,e
6758,R
6759,A
6760,T
6761,e
6762,B
6763,M
6764,O
6765,S
6766,I
6767,E
6768,o
6769,o
6770,t
6771,A
6772,C
6773,R
6774,Q
6775,T
6776,A
6777,E
6778,O
6779,O
6780,C
6781,a
6782,U
6783,A
6784,O
6785,D
6786,C
6787,T
6788,I
6789,a
6790,O
6791,2
6792,N
6793,O
6794,M
6795,T
6796,o
6797,A
6798,U
6799,O
6800,N
6801,R
6802,O
6803,A
6804,A
6805,A
6806,I
6807,E
6808,C
6809,E
6810,D
6811,R
6812,E
6813,S
6814,Y
6815,o
6816,A
6817,R
6818,t
6819,O
6820,A
6821,T
6822,S
6823,E
6824,L
6825,R
6826,s
6827,N
6828,N
6829,F
6830,R
6831,a
6832,C
6833,E
6834,S
6835,A
6836,E
6837,A
6838,A
6839,T
6840,I
6841,I
6842,a
6843,E
6844,T
6845,d
6846,E
6847,O
6848,H
6849,T
6850,h
6851,O
6852,I
6853,E
6854,E
6855,U
6856,R
6857,L
6858,I
6859,A
6860,A
6861,E
6862,R
6863,T
6864,A
6865,I
6866,E
6867,A
6868,7
6869,A
6870,r
6871,L
6872,T
6873,O
6874,e
6875,N
6876,1
6877,N
6878,L
6879,I
6880,a
6881,E
6882,D
6883,T
6884,L
6885,4
6886,I
6887,A
6888,A
6889,E
6890,n
6891,S
6892,I
6893,I
6894,A
6895,T
6896,1
6897,d
6898,r
6899,A
6900,I
6901,I
6902,G
6903,R
6904,S
6905,C
6906,I
6907,R
6908,B
6909,I
6910,L
6911,I
6912,R
6913,D
6914,I
6915,O
6916,I
6917,e
6918,a
6919,T
6920,R
6921,T
6922,M
6923,R
6924,T
6925,S
6926,P
6927,N
6928,E
6929,E
6930,R
6931,A
6932,O
6933,A
6934,r
6935,L
6936,O
6937,A
6938,E
6939,A
6940,O
6941,N
6942,A
6943,r
6944,O
6945,C
6946,N
6947,I
6948,T
6949,1
6950,L
6951,R
6952,a
6953,D
6954,n
6955,I
6956,O
6957,H
6958,E
6959,0
6960,N
6961,E
6962,E
6963,I
6964,O
6965,A
6966,R
6967,N
6968,E
6969,T
6970,A
6971,P
6972,H
6973,E
6974,T
6975,C
6976,e
6977,R
6978,o
6979,I
6980,S
6981,O
6982,M
6983,A
6984,K
6985,D
6986,A
6987,P
6988,A
6989,E
6990,N
6991,I
6992,O
6993,T
6994,S
6995,N
6996,I
6997,a
6998,A
6999,E
7000,A
7001,A
7002,I
7003,W
7004,B
7005,A
7006,P
7007,a
7008,E
7009,I
7010,R
7011,E
7012,O
7013,A
7014,O
7015,J
7016,E
7017,d
7018,L
7019,i
7020,A
7021,M
7022,N
7023,O
7024,C
7025,w
7026,e
7027,e
7028,o
7029,A
7030,C
7031,N
7032,R
7033,e
7034,a
7035,A
7036,A
7037,S
7038,A
7039,I
7040,A
7041,R
7042,0
7043,Y
7044,E
7045,E
7046,O
7047,O
7048,D
7049,I
7050,I
7051,O
7052,I
7053,e
7054,E
7055,E
7056,2
7057,n
7058,I
7059,M
7060,O
7061,r
7062,T
7063,N
7064,N
7065,O
7066,s
7067,I
7068,I
7069,S
7070,F
7071,a
7072,7
7073,S
7074,E
7075,F
7076,R
7077,O
7078,P
7079,C
7080,E
7081,A
7082,A
7083,U
7084,A
7085,e
7086,I
7087,h
7088,A
7089,E
7090,L
7091,R
7092,L
7093,R
7094,e
7095,T
7096,K
7097,O
7098,E
7099,E
7100,T
7101,R
7102,D
7103,L
7104,6
7105,S
7106,E
7107,L
7108,O
7109,A
7110,I
7111,A
7112,r
7113,d
7114,e
7115,A
7116,A
7117,L
7118,A
7119,S
7120,I
7121,R
7122,A
7123,S
7124,B
7125,S
7126,R
7127,e
7128,A
7129,E
7130,A
7131,o
7132,A
7133,W
7134,N
7135,C
7136,r
7137,6
7138,E
7139,E
7140,I
7141,T
7142,D
7143,N
7144,A
7145,t
7146,i
7147,o
7148,M
7149,n
7150,I
7151,I
7152,E
7153,D
7154,R
7155,A
7156,O
7157,e
7158,E
7159,A
7160,E
7161,P
7162,a
7163,M
7164,D
7165,A
7166,L
7167,X
7168,E
7169,R
7170,I
7171,O
7172,R
7173,L
7174,I
7175,E
7176,A
7177,R
7178,A
7179,P
7180,N
7181,A
7182,R
7183,M
7184,N
7185,7
7186,A
7187,F
7188,D
7189,M
7190,H
7191,R
7192,A
7193,i
7194,S
7195,R
7196,O
7197,R
7198,K
7199,O
7200,N
7201,2
7202,D
7203,O
7204,o
7205,e
7206,o
7207,7
7208,N
7209,R
7210,T
7211,n
7212,O
7213,T
7214,A
7215,0
7216,N
7217,t
7218,T
7219,A
7220,E
7221,A
7222,A
7223,N
7224,N
7225,O
7226,S
7227,e
7228,A
7229,O
7230,r
7231,i
7232,4
7233,R
7234,D
7235,O
7236,O
7237,M
7238,O
7239,R
7240,R
7241,L
7242,T
7243,R
7244,M
7245,N
7246,E
7247,O
7248,E
7249,O
7250,O
7251,O
7252,E
7253,E
7254,B
7255,A
7256,E
7257,O
7258,A
7259,E
7260,I
7261,I
7262,O
7263,R
7264,i
7265,A
7266,O
7267,S
7268,O
7269,O
7270,E
7271,N
7272,G
7273,R
7274,S
7275,R
7276,I
7277,T
7278,A
7279,L
7280,A
7281,n
7282,M
7283,T
7284,I
7285,I
7286,E
7287,F
7288,I
7289,A
7290,E
7291,E
7292,s
7293,E
7294,A
7295,O
7296,D
7297,T
7298,s
7299,A
7300,0
7301,l
7302,E
7303,O
7304,I
7305,C
7306,E
7307,O
7308,T
7309,I
7310,E
7311,E
7312,r
7313,A
7314,A
7315,U
7316,S
7317,S
7318,R
7319,e
7320,C
7321,m
7322,T
7323,S
7324,B
7325,I
7326,O
7327,B
7328,O
7329,T
7330,H
7331,R
7332,P
7333,A
7334,A
7335,N
7336,e
7337,R
7338,H
7339,1
7340,l
7341,I
7342,E
7343,E
7344,D
7345,E
7346,E
7347,O
7348,P
7349,E
7350,A
7351,e
7352,H
7353,D
7354,R
7355,O
7356,O
7357,T
7358,r
7359,e
7360,I
7361,r
7362,E
7363,A
7364,E
7365,C
7366,T
7367,A
7368,S
7369,E
7370,A
7371,r
7372,O
7373,T
7374,R
7375,E
7376,5
7377,I
7378,I
7379,A
7380,E
7381,B
7382,S
7383,S
7384,O
7385,A
7386,O
7387,a
7388,O
7389,i
7390,E
7391,1
7392,T
7393,M
7394,a
7395,N
7396,D
7397,L
7398,O
7399,O
7400,I
7401,E
7402,e
7403,N
7404,A
7405,R
7406,e
7407,E
7408,E
7409,O
7410,S
7411,N
7412,7
7413,r
7414,A
7415,A
7416,I
7417,T
7418,A
7419,O
7420,E
7421,I
7422,C
7423,O
7424,7
7425,R
7426,S
7427,C
7428,I
7429,H
7430,A
7431,I
7432,t
7433,A
7434,e
7435,r
7436,R
7437,2
7438,e
7439,S
7440,e
7441,a
7442,A
7443,O
7444,E
7445,S
7446,P
7447,E
7448,C
7449,U
7450,E
7451,L
7452,D
7453,S
7454,E
7455,i
7456,R
7457,C
7458,D
7459,i
7460,S
7461,N
7462,E
7463,T
7464,I
7465,l
7466,O
7467,n
7468,A
7469,O
7470,E
7471,M
7472,N
7473,I
7474,P
7475,A
7476,P
7477,R
7478,S
7479,E
7480,a
7481,C
7482,a
7483,E
7484,L
7485,A
7486,I
7487,L
7488,S
7489,E
7490,P
7491,S
7492,N
7493,E
7494,7
7495,I
7496,O
7497,C
7498,E
7499,I
7500,e
7501,O
7502,P
7503,R
7504,O
7505,y
7506,O
7507,e
7508,D
7509,I
7510,T
7511,O
7512,R
7513,S
7514,A
7515,S
7516,I
7517,I
7518,E
7519,R
7520,E
7521,R
7522,E
7523,A
7524,T
7525,N
7526,1
7527,A
7528,P
7529,T
7530,I
7531,R
7532,O
7533,A
7534,E
7535,A
7536,S
7537,M
7538,l
7539,R
7540,l
7541,O
7542,R
7543,R
7544,E
7545,O
7546,a
7547,R
7548,E
7549,E
7550,A
7551,A
7552,I
7553,N
7554,a
7555,R
7556,A
7557,N
7558,E
7559,S
7560,M
7561,C
7562,A
7563,I
7564,T
7565,N
7566,I
7567,9
7568,N
7569,D
7570,N
7571,D
7572,I
7573,E
7574,H
7575,e
7576,R
7577,I
7578,O
7579,S
7580,R
7581,R
7582,D
7583,i
7584,a
7585,n
7586,r
7587,R
7588,P
7589,W
7590,S
7591,P
7592,E
7593,T
7594,M
7595,C
7596,O
7597,R
7598,I
7599,E
7600,A
7601,U
7602,H
7603,N
7604,A
7605,N
7606,I
7607,a
7608,S
7609,e
7610,E
7611,V
7612,E
7613,O
7614,I
7615,n
7616,A
7617,T
7618,I
7619,S
7620,T
7621,M
7622,N
7623,E
7624,A
7625,E
7626,M
7627,O
7628,E
7629,e
7630,n
7631,o
7632,I
7633,A
7634,r
7635,o
7636,A
7637,P
7638,0
7639,d
7640,E
7641,E
7642,R
7643,T
7644,R
7645,E
7646,t
7647,P
7648,A
7649,O
7650,E
7651,A
7652,I
7653,A
7654,D
7655,5
7656,f
7657,E
7658,A
7659,r
7660,d
7661,A
7662,A
7663,R
7664,v
7665,L
7666,C
7667,L
7668,R
7669,L
7670,N
7671,G
7672,e
7673,I
7674,r
7675,T
7676,R
7677,O
7678,A
7679,I
7680,I
7681,A
7682,a
7683,S
7684,D
7685,n
7686,N
7687,I
7688,E
7689,A
7690,D
7691,o
7692,M
7693,C
7694,n
7695,R
7696,H
7697,M
7698,E
7699,P
7700,G
7701,E
7702,N
7703,P
7704,F
7705,R
7706,T
7707,R
7708,N
7709,E
7710,O
7711,A
7712,E
7713,e
7714,A
7715,O
7716,E
7717,E
7718,O
7719,T
7720,T
7721,S
7722,S
7723,P
7724,o
7725,S
7726,t
7727,S
7728,H
7729,E
7730,B
7731,A
7732,N
7733,E
7734,o
7735,P
7736,U
7737,S
7738,R
7739,1
7740,E
7741,O
7742,A
7743,R
7744,a
7745,n
7746,R
7747,C
7748,N
7749,N
7750,T
7751,r
7752,C
7753,T
7754,E
7755,R
7756,R
7757,I
7758,A
7759,A
7760,0
7761,i
7762,S
7763,A
7764,n
7765,I
7766,R
7767,A
7768,S
7769,A
7770,N
7771,l
7772,R
7773,S
7774,R
7775,S
7776,A
7777,n
7778,e
7779,O
7780,A
7781,A
7782,r
7783,n
7784,T
7785,S
7786,C
7787,O
7788,E
7789,O
7790,P
7791,5
7792,A
7793,t
7794,N
7795,A
7796,E
7797,N
7798,e
7799,O
7800,S
7801,I
7802,I
7803,H
7804,A
7805,I
7806,S
7807,E
7808,o
7809,O
7810,R
7811,O
7812,a
7813,C
7814,T
7815,O
7816,E
7817,E
7818,D
7819,O
7820,T
7821,F
7822,e
7823,r
7824,T
7825,R
7826,A
7827,r
7828,S
7829,P
7830,E
7831,R
7832,A
7833,5
7834,D
7835,N
7836,A
7837,R
7838,A
7839,S
7840,Y
7841,E
7842,A
7843,A
7844,A
7845,E
7846,I
7847,L
7848,A
7849,R
7850,r
7851,R
7852,A
7853,M
7854,E
7855,T
7856,T
7857,U
7858,O
7859,S
7860,L
7861,R
7862,e
7863,O
7864,R
7865,7
7866,N
7867,A
7868,A
7869,P
7870,O
7871,E
7872,G
7873,E
7874,A
7875,R
7876,E
7877,a
7878,I
7879,N
7880,H
7881,E
7882,I
7883,C
7884,a
7885,S
7886,R
7887,D
7888,S
7889,O
7890,E
7891,2
7892,E
7893,A
7894,S
7895,N
7896,1
7897,I
7898,L
7899,E
7900,e
7901,e
7902,E
7903,S
7904,N
7905,T
7906,O
7907,I
7908,a
7909,E
7910,A
7911,K
7912,R
7913,n
7914,r
7915,C
7916,R
7917,T
7918,D
7919,I
7920,v
7921,I
7922,s
7923,H
7924,E
7925,S
7926,R
7927,T
7928,O
7929,P
7930,n
7931,a
7932,E
7933,H
7934,F
7935,A
7936,O
7937,L
7938,N
7939,A
7940,T
7941,r
7942,H
7943,O
7944,I
7945,E
7946,R
7947,E
7948,R
7949,r
7950,P
7951,L
7952,A
7953,A
7954,I
7955,B
7956,I
7957,I
7958,T
7959,I
7960,T
7961,E
7962,R
7963,W
7964,T
7965,O
7966,I
7967,e
7968,S
7969,O
7970,S
7971,R
7972,o
7973,R
7974,i
7975,P
7976,A
7977,A
7978,R
7979,E
7980,E
7981,T
7982,F
7983,T
7984,E
7985,L
7986,A
7987,e
7988,e
7989,O
7990,I
7991,S
7992,S
7993,T
7994,C
7995,n
7996,O
7997,R
7998,O
7999,o
8000,N
8001,O
8002,S
8003,T
8004,e
8005,T
8006,T
8007,I
8008,T
8009,A
8010,T
8011,A
8012,G
8013,R
8014,T
8015,E
8016,L
8017,C
8018,r
8019,T
8020,T
8021,e
8022,E
8023,O
8024,H
8025,A
8026,O
8027,R
8028,p
8029,A
8030,E
8031,N
8032,D
8033,E
8034,A
8035,S
8036,M
8037,E
8038,T
8039,O
8040,T
8041,D
8042,E
8043,n
8044,G
8045,R
8046,N
8047,O
8048,s
8049,O
8050,C
8051,A
8052,t
8053,R
8054,H
8055,I
8056,A
8057,E
8058,I
8059,O
8060,R
8061,S
8062,R
8063,S
8064,R
8065,A
8066,O
8067,R
8068,I
8069,N
8070,N
8071,E
8072,I
8073,A
8074,E
8075,R
8076,O
8077,T
8078,R
8079,M
8080,R
8081,F
8082,S
8083,e
8084,N
8085,d
8086,T
8087,A
8088,L
8089,C
8090,R
8091,S
8092,T
8093,e
8094,E
8095,o
8096,r
8097,T
8098,R
8099,A
8100,S
8101,i
8102,I
8103,H
8104,I
8105,A
8106,S
8107,C
8108,T
8109,T
8110,A
8111,G
8112,i
8113,T
8114,A
8115,O
8116,L
8117,A
8118,N
8119,L
8120,A
8121,R
8122,G
8123,n
8124,I
8125,O
8126,0
8127,E
8128,I
8129,r
8130,L
8131,A
8132,O
8133,N
8134,R
8135,R
8136,C
8137,N
8138,e
8139,B
8140,O
8141,r
8142,A
8143,B
8144,T
8145,a
8146,M
8147,s
8148,o
8149,N
8150,C
8151,E
8152,r
8153,N
8154,e
8155,O
8156,r
8157,G
8158,A
8159,e
8160,M
8161,R
8162,5
8163,M
8164,S
8165,e
8166,R
8167,A
8168,E
8169,G
8170,o
8171,E
8172,I
8173,A
8174,S
8175,R
8176,T
8177,R
8178,A
8179,E
8180,T
8181,A
8182,O
8183,O
8184,E
8185,A
8186,A
8187,L
8188,A
8189,H
8190,C
8191,E
8192,i
8193,S
8194,R
8195,M
8196,E
8197,A
8198,S
8199,C
8200,A
8201,E
8202,T
8203,I
8204,e
8205,A
8206,N
8207,O
8208,e
8209,L
8210,E
8211,S
8212,R
8213,A
8214,T
8215,A
8216,N
8217,C
8218,S
8219,O
8220,e
8221,I
8222,E
8223,I
8224,l
8225,E
8226,N
8227,A
8228,E
8229,E
8230,s
8231,S
8232,T
8233,N
8234,E
8235,A
8236,I
8237,P
8238,N
8239,n
8240,e
8241,O
8242,n
8243,I
8244,S
8245,G
8246,I
8247,I
8248,O
8249,I
8250,A
8251,O
8252,M
8253,O
8254,O
8255,s
8256,S
8257,E
8258,I
8259,M
8260,O
8261,E
8262,O
8263,T
8264,S
8265,E
8266,S
8267,N
8268,N
8269,A
8270,A
8271,E
8272,D
8273,9
8274,o
8275,S
8276,R
8277,r
8278,A
8279,P
8280,A
8281,D
8282,R
8283,A
8284,A
8285,L
8286,S
8287,T
8288,t
8289,o
8290,E
8291,I
8292,I
8293,O
8294,O
8295,T
8296,E
8297,N
8298,O
8299,t
8300,R
8301,A
8302,I
8303,O
8304,N
8305,O
8306,N
8307,I
8308,A
8309,N
8310,C
8311,E
8312,R
8313,A
8314,7
8315,A
8316,O
8317,E
8318,e
8319,D
8320,M
8321,E
8322,E
8323,P
8324,E
8325,N
8326,T
8327,i
8328,R
8329,I
8330,S
8331,A
8332,I
8333,E
8334,a
8335,O
8336,O
8337,A
8338,o
8339,C
8340,A
8341,I
8342,a
8343,A
8344,C
8345,N
8346,S
8347,R
8348,O
8349,e
8350,I
8351,R
8352,O
8353,T
8354,I
8355,Y
8356,I
8357,A
8358,0
8359,I
8360,r
8361,T
8362,P
8363,E
8364,o
8365,D
8366,N
8367,O
8368,R
8369,S
8370,E
8371,i
8372,i
8373,a
8374,N
8375,P
8376,L
8377,R
8378,A
8379,N
8380,N
8381,n
8382,P
8383,R
8384,S
8385,a
8386,S
8387,A
8388,E
8389,N
8390,R
8391,I
8392,D
8393,e
8394,N
8395,r
8396,P
8397,A
8398,e
8399,I
8400,A
8401,L
8402,N
8403,T
8404,A
8405,S
8406,N
8407,S
8408,I
8409,E
8410,N
8411,E
8412,S
8413,A
8414,T
8415,D
8416,T
8417,e
8418,E
8419,D
8420,R
8421,N
8422,M
8423,N
8424,N
8425,O
8426,R
8427,A
8428,E
8429,D
8430,O
8431,T
8432,A
8433,H
8434,I
8435,o
8436,A
8437,A
8438,O
8439,A
8440,O
8441,A
8442,H
8443,R
8444,S
8445,t
8446,z
8447,L
8448,L
8449,I
8450,O
8451,A
8452,U
8453,R
8454,A
8455,l
8456,h
8457,E
8458,R
8459,N
8460,E
8461,I
8462,D
8463,E
8464,L
8465,D
8466,A
8467,R
8468,L
8469,P
8470,C
8471,I
8472,E
8473,K
8474,R
8475,A
8476,N
8477,E
8478,r
8479,o
8480,A
8481,n
8482,P
8483,R
8484,C
8485,A
8486,I
8487,i
8488,S
8489,e
8490,A
8491,E
8492,O
8493,R
8494,E
8495,L
8496,S
8497,n
8498,r
8499,T
8500,D
8501,R
8502,E
8503,E
8504,y
8505,E
8506,T
8507,0
8508,N
8509,I
8510,S
8511,M
8512,N
8513,6
8514,E
8515,O
8516,A
8517,I
8518,g
8519,A
8520,S
8521,K
8522,T
8523,R
8524,I
8525,A
8526,S
8527,R
8528,D
8529,A
8530,E
8531,P
8532,e
8533,E
8534,E
8535,O
8536,R
8537,2
8538,A
8539,Z
8540,E
8541,R
8542,n
8543,i
8544,M
8545,E
8546,Y
8547,L
8548,e
8549,L
8550,E
8551,N
8552,O
8553,O
8554,S
8555,E
8556,S
8557,D
8558,H
8559,E
8560,I
8561,Y
8562,O
8563,E
8564,a
8565,A
8566,I
8567,I
8568,T
8569,I
8570,I
8571,E
8572,I
8573,S
8574,O
8575,3
8576,O
8577,R
8578,R
8579,R
8580,T
8581,R
8582,e
8583,O
8584,H
8585,T
8586,t
8587,S
8588,I
8589,d
8590,5
8591,E
8592,R
8593,I
8594,E
8595,r
8596,M
8597,A
8598,T
8599,t
8600,N
8601,E
8602,E
8603,J
8604,T
8605,E
8606,A
8607,Q
8608,E
8609,I
8610,M
8611,C
8612,E
8613,I
8614,R
8615,s
8616,R
8617,R
8618,H
8619,D
8620,O
8621,R
8622,e
8623,I
8624,A
8625,E
8626,n
8627,E
8628,R
8629,A
8630,8
8631,E
8632,O
8633,S
8634,N
8635,A
8636,I
8637,C
8638,T
8639,N
8640,V
8641,S
8642,D
8643,N
8644,R
8645,D
8646,0
8647,e
8648,O
8649,O
8650,I
8651,M
8652,E
8653,e
8654,R
8655,S
8656,N
8657,I
8658,B
8659,W
8660,S
8661,H
8662,r
8663,I
8664,T
8665,A
8666,R
8667,E
8668,D
8669,n
8670,s
8671,N
8672,R
8673,N
8674,O
8675,I
8676,A
8677,I
8678,1
8679,S
8680,r
8681,T
8682,A
8683,E
8684,O
8685,C
8686,R
8687,D
8688,A
8689,S
8690,R
8691,S
8692,T
8693,a
8694,I
8695,N
8696,R
8697,O
8698,E
8699,R
8700,D
8701,E
8702,R
8703,E
8704,T
8705,7
8706,s
8707,T
8708,R
8709,E
8710,N
8711,I
8712,E
8713,A
8714,a
8715,I
8716,N
8717,L
8718,N
8719,R
8720,O
8721,R
8722,A
8723,N
8724,l
8725,R
8726,H
8727,A
8728,M
8729,S
8730,R
8731,O
8732,O
8733,O
8734,R
8735,P
8736,K
8737,A
8738,A
8739,L
8740,N
8741,I
8742,A
8743,r
8744,Y
8745,I
8746,R
8747,A
8748,E
8749,D
8750,E
8751,2
8752,r
8753,E
8754,a
8755,R
8756,T
8757,T
8758,R
8759,R
8760,a
8761,O
8762,A
8763,N
8764,D
8765,S
8766,D
8767,e
8768,N
8769,E
8770,A
8771,E
8772,H
8773,S
8774,e
8775,T
8776,A
8777,A
8778,R
8779,O
8780,A
8781,T
8782,a
8783,T
8784,D
8785,R
8786,L
8787,O
8788,C
8789,H
8790,T
8791,C
8792,U
8793,N
8794,e
8795,m
8796,O
8797,T
8798,N
8799,E
8800,o
8801,R
8802,O
8803,I
8804,a
8805,N
8806,S
8807,I
8808,O
8809,U
8810,E
8811,R
8812,A
8813,a
8814,U
8815,3
8816,e
8817,A
8818,O
8819,e
8820,L
8821,w
8822,A
8823,E
8824,T
8825,C
8826,e
8827,A
8828,I
8829,E
8830,R
8831,I
8832,O
8833,I
8834,I
8835,N
8836,A
8837,P
8838,i
8839,O
8840,e
8841,y
8842,A
8843,o
8844,N
8845,P
8846,A
8847,E
8848,I
8849,A
8850,S
8851,r
8852,O
8853,R
8854,O
8855,I
8856,e
8857,I
8858,e
8859,R
8860,C
8861,O
8862,O
8863,P
8864,G
8865,e
8866,N
8867,O
8868,L
8869,E
8870,E
8871,D
8872,A
8873,A
8874,C
8875,E
8876,E
8877,A
8878,r
8879,i
8880,T
8881,E
8882,S
8883,e
8884,A
8885,D
8886,Y
8887,S
8888,P
8889,N
8890,X
8891,R
8892,O
8893,R
8894,n
8895,R
8896,A
8897,T
8898,E
8899,A
8900,e
8901,E
8902,C
8903,R
8904,O
8905,0
8906,n
8907,D
8908,O
8909,I
8910,I
8911,O
8912,e
8913,E
8914,E
8915,A
8916,E
8917,R
8918,T
8919,Y
8920,O
8921,C
8922,N
8923,T
8924,E
8925,S
8926,O
8927,N
8928,L
8929,2
8930,R
8931,M
8932,A
8933,L
8934,r
8935,P
8936,O
8937,P
8938,O
8939,N
8940,D
8941,B
8942,S
8943,R
8944,N
8945,I
8946,R
8947,t
8948,T
8949,H
8950,r
8951,O
8952,C
8953,r
8954,e
8955,I
8956,E
8957,N
8958,A
8959,C
8960,P
8961,O
8962,M
8963,a
8964,T
8965,s
8966,T
8967,s
8968,r
8969,R
8970,e
8971,O
8972,H
8973,A
8974,I
8975,A
8976,R
8977,G
8978,y
8979,n
8980,O
8981,3
8982,R
8983,R
8984,S
8985,T
8986,S
8987,E
8988,N
8989,D
8990,R
8991,A
8992,2
8993,i
8994,S
8995,U
8996,n
8997,O
8998,A
8999,A
9000,e
9001,N
9002,A
9003,O
9004,V
9005,A
9006,R
9007,O
9008,I
9009,O
9010,A
9011,O
9012,P
9013,n
9014,o
9015,t
9016,R
9017,L
9018,E
9019,P
9020,I
9021,T
9022,E
9023,A
9024,S
9025,I
9026,S
9027,D
9028,N
9029,r
9030,A
9031,A
9032,o
9033,I
9034,E
9035,R
9036,0
9037,R
9038,P
9039,N
9040,N
9041,E
9042,E
9043,L
9044,I
9045,J
9046,I
9047,N
9048,D
9049,T
9050,E
9051,R
9052,R
9053,i
9054,e
9055,A
9056,e
9057,O
9058,I
9059,S
9060,S
9061,A
9062,a
9063,E
9064,m
9065,e
9066,A
9067,T
9068,C
9069,O
9070,E
9071,T
9072,N
9073,O
9074,A
9075,i
9076,a
9077,V
9078,C
9079,A
9080,R
9081,2
9082,S
9083,A
9084,a
9085,S
9086,N
9087,D
9088,T
9089,A
9090,D
9091,A
9092,T
9093,T
9094,E
9095,E
9096,O
9097,A
9098,A
9099,E
9100,P
9101,E
9102,A
9103,I
9104,H
9105,R
9106,K
9107,N
9108,P
9109,e
9110,I
9111,l
9112,M
9113,h
9114,T
9115,E
9116,N
9117,E
9118,I
9119,e
9120,S
9121,I
9122,T
9123,E
9124,R
9125,O
9126,2
9127,R
9128,a
9129,T
9130,C
9131,e
9132,T
9133,A
9134,C
9135,m
9136,T
9137,A
9138,E
9139,E
9140,E
9141,a
9142,E
9143,i
9144,a
9145,O
9146,O
9147,T
9148,B
9149,I
9150,T
9151,a
9152,O
9153,A
9154,O
9155,A
9156,T
9157,U
9158,f
9159,C
9160,7
9161,R
9162,S
9163,N
9164,A
9165,R
9166,E
9167,e
9168,Z
9169,o
9170,r
9171,R
9172,T
9173,M
9174,E
9175,e
9176,A
9177,I
9178,I
9179,D
9180,e
9181,T
9182,M
9183,0
9184,m
9185,a
9186,N
9187,t
9188,N
9189,2
9190,I
9191,I
9192,N
9193,E
9194,R
9195,A
9196,C
9197,R
9198,R
9199,R
9200,O
9201,E
9202,A
9203,N
9204,P
9205,S
9206,T
9207,O
9208,A
9209,C
9210,A
9211,N
9212,V
9213,R
9214,P
9215,S
9216,o
9217,0
9218,2
9219,N
9220,A
9221,S
9222,E
9223,h
9224,E
9225,A
9226,r
9227,L
9228,D
9229,A
9230,R
9231,r
9232,t
9233,N
9234,E
9235,E
9236,N
9237,A
9238,L
9239,R
9240,R
9241,R
9242,A
9243,O
9244,A
9245,S
9246,A
9247,I
9248,R
9249,A
9250,a
9251,R
9252,I
9253,I
9254,M
9255,O
9256,E
9257,T
9258,A
9259,A
9260,L
9261,M
9262,T
9263,G
9264,T
9265,A
9266,H
9267,T
9268,O
9269,L
9270,E
9271,A
9272,e
9273,T
9274,N
9275,N
9276,S
9277,L
9278,E
9279,D
9280,c
9281,I
9282,E
9283,L
9284,I
9285,e
9286,n
9287,A
9288,H
9289,A
9290,O
9291,S
9292,N
9293,A
9294,T
9295,E
9296,h
9297,C
9298,E
9299,T
9300,T
9301,A
9302,S
9303,E
9304,A
9305,A
9306,A
9307,O
9308,S
9309,R
9310,I
9311,I
9312,R
9313,E
9314,a
9315,t
9316,A
9317,E
9318,A
9319,E
9320,A
9321,P
9322,N
9323,E
9324,S
9325,E
9326,H
9327,S
9328,O
9329,D
9330,H
9331,e
9332,L
9333,N
9334,M
9335,I
9336,I
9337,F
9338,I
9339,e
9340,N
9341,D
9342,R
9343,H
9344,T
9345,N
9346,A
9347,O
9348,7
9349,H
9350,T
9351,I
9352,O
9353,E
9354,A
9355,r
9356,A
9357,M
9358,O
9359,A
9360,R
9361,A
9362,O
9363,I
9364,a
9365,R
9366,a
9367,A
9368,l
9369,a
9370,D
9371,H
9372,O
9373,E
9374,D
9375,I
9376,C
9377,E
9378,S
9379,N
9380,R
9381,E
9382,S
9383,a
9384,S
9385,C
9386,2
9387,9
9388,P
9389,A
9390,m
9391,E
9392,A
9393,E
9394,N
9395,L
9396,R
9397,C
9398,S
9399,S
9400,N
9401,P
9402,e
9403,s
9404,e
9405,O
9406,D
9407,O
9408,S
9409,E
9410,o
9411,A
9412,E
9413,S
9414,A
9415,R
9416,A
9417,H
9418,O
9419,R
9420,I
9421,E
9422,R
9423,h
9424,O
9425,N
9426,S
9427,i
9428,S
9429,E
9430,T
9431,n
9432,A
9433,O
9434,R
9435,E
9436,N
9437,e
9438,o
9439,e
9440,E
9441,A
9442,N
9443,R
9444,L
9445,I
9446,R
9447,N
9448,R
9449,E
9450,M
9451,O
9452,A
9453,A
9454,r
9455,N
9456,O
9457,S
9458,O
9459,A
9460,R
9461,I
9462,N
9463,I
9464,G
9465,H
9466,A
9467,E
9468,E
9469,E
9470,t
9471,a
9472,R
9473,e
9474,I
9475,N
9476,O
9477,M
9478,A
9479,E
9480,P
9481,B
9482,I
9483,R
9484,T
9485,A
9486,H
9487,N
9488,S
9489,A
9490,0
9491,h
9492,E
9493,N
9494,T
9495,S
9496,S
9497,E
9498,A
9499,R
9500,O
9501,N
9502,o
9503,R
9504,C
9505,A
9506,7
9507,P
9508,A
9509,X
9510,o
9511,A
9512,a
9513,S
9514,A
9515,3
9516,N
9517,G
9518,T
9519,E
9520,E
9521,O
9522,E
9523,R
9524,A
9525,E
9526,J
9527,e
9528,R
9529,I
9530,E
9531,r
9532,N
9533,I
9534,1
9535,E
9536,A
9537,I
9538,T
9539,R
9540,T
9541,E
9542,T
9543,e
9544,R
9545,C
9546,E
9547,o
9548,n
9549,A
9550,I
9551,R
9552,a
9553,T
9554,R
9555,s
9556,E
9557,O
9558,S
9559,e
9560,3
9561,A
9562,R
9563,R
9564,A
9565,N
9566,A
9567,T
9568,E
9569,A
9570,V
9571,e
9572,C
9573,I
9574,N
9575,I
9576,Y
9577,r
9578,R
9579,N
9580,I
9581,A
9582,J
9583,A
9584,N
9585,A
9586,L
9587,O
9588,O
9589,o
9590,e
9591,H
9592,N
9593,A
9594,O
9595,e
9596,A
9597,T
9598,A
9599,N
9600,T
9601,r
9602,E
9603,a
9604,S
9605,2
9606,1
9607,A
9608,c
9609,e
9610,E
9611,T
9612,R
9613,A
9614,L
9615,A
9616,R
9617,M
9618,r
9619,S
9620,O
9621,A
9622,O
9623,O
9624,A
9625,A
9626,s
9627,I
9628,N
9629,A
9630,N
9631,A
9632,p
9633,e
9634,L
9635,A
9636,R
9637,R
9638,R
9639,E
9640,e
9641,T
9642,I
9643,S
9644,O
9645,O
9646,O
9647,E
9648,R
9649,H
9650,A
9651,T
9652,e
9653,I
9654,P
9655,E
9656,I
9657,A
9658,S
9659,N
9660,C
9661,T
9662,E
9663,a
9664,A
9665,T
9666,T
9667,E
9668,t
9669,M
9670,M
9671,e
9672,H
9673,N
9674,S
9675,l
9676,E
9677,X
9678,C
9679,I
9680,E
9681,a
9682,R
9683,P
9684,O
9685,A
9686,E
9687,S
9688,A
9689,O
9690,t
9691,L
9692,e
9693,A
9694,1
9695,O
9696,r
9697,r
9698,N
9699,1
9700,I
9701,T
9702,A
9703,r
9704,E
9705,I
9706,E
9707,T
9708,r
9709,R
9710,C
9711,I
9712,O
9713,I
9714,C
9715,N
9716,e
9717,i
9718,E
9719,2
9720,P
9721,E
9722,O
9723,N
9724,r
9725,T
9726,T
9727,O
9728,A
9729,e
9730,A
9731,B
9732,0
9733,E
9734,R
9735,A
9736,A
9737,S
9738,E
9739,T
9740,h
9741,E
9742,R
9743,O
9744,a
9745,N
9746,E
9747,T
9748,S
9749,1
9750,A
9751,m
9752,e
9753,R
9754,N
9755,S
9756,S
9757,I
9758,A
9759,E
9760,S
9761,T
9762,S
9763,R
9764,E
9765,T
9766,R
9767,i
9768,H
9769,I
9770,I
9771,r
9772,S
9773,t
9774,e
9775,T
9776,E
9777,A
9778,7
9779,I
9780,T
9781,C
9782,A
9783,O
9784,G
9785,A
9786,D
9787,R
9788,A
9789,1
9790,E
9791,N
9792,D
9793,T
9794,S
9795,N
9796,T
9797,r
9798,R
9799,I
9800,2
9801,O
9802,R
9803,d
9804,I
9805,R
9806,S
9807,L
9808,C
9809,A
9810,R
9811,T
9812,R
9813,L
9814,T
9815,S
9816,r
9817,A
9818,i
9819,A
9820,M
9821,F
9822,N
9823,P
9824,A
9825,a
9826,P
9827,S
9828,s
9829,U
9830,M
9831,4
9832,T
9833,A
9834,U
9835,l
9836,O
9837,I
9838,n
9839,7
9840,A
9841,R
9842,R
9843,T
9844,I
9845,R
9846,T
9847,O
9848,R
9849,A
9850,2
9851,O
9852,N
9853,W
9854,B
9855,R
9856,O
9857,I
9858,A
9859,I
9860,i
9861,S
9862,E
9863,A
9864,n
9865,e
9866,R
9867,C
9868,s
9869,A
9870,I
9871,E
9872,R
9873,T
9874,e
9875,1
9876,Y
9877,O
9878,n
9879,2
9880,E
9881,A
9882,L
9883,S
9884,S
9885,e
9886,7
9887,U
9888,D
9889,E
9890,P
9891,A
9892,G
9893,O
9894,R
9895,O
9896,i
9897,I
9898,e
9899,O
9900,A
9901,n
9902,E
9903,N
9904,C
9905,C
9906,T
9907,I
9908,S
9909,P
9910,A
9911,A
9912,H
9913,A
9914,E
9915,R
9916,R
9917,e
9918,A
9919,M
9920,T
9921,N
9922,A
9923,O
9924,n
9925,S
9926,E
9927,A
9928,R
9929,R
9930,S
9931,I
9932,S
9933,O
9934,E
9935,N
9936,A
9937,R
9938,D
9939,D
9940,I
9941,F
9942,T
9943,E
9944,E
9945,N
9946,t
9947,A
9948,A
9949,o
9950,V
9951,a
9952,R
9953,I
9954,I
9955,2
9956,E
9957,I
9958,T
9959,e
9960,r
9961,r
9962,A
9963,S
9964,o
9965,Y
9966,A
9967,I
9968,T
9969,R
9970,O
9971,E
9972,N
9973,C
9974,A
9975,R
9976,N
9977,i
9978,T
9979,W
9980,T
9981,L
9982,S
9983,R
9984,S
9985,E
9986,A
9987,T
9988,N
9989,A
9990,I
9991,S
9992,T
9993,A
9994,A
9995,A
9996,O
9997,S
9998,T
9999,n
10000,T
10001,P
10002,r
10003,T
10004,a
10005,T
10006,R
10007,S
10008,r
10009,B
10010,A
10011,I
10012,E
10013,R
10014,L
10015,6
10016,N
10017,2
10018,I
10019,0
10020,R
10021,R
10022,S
10023,D
10024,D
10025,0
10026,O
10027,O
10028,C
10029,P
10030,C
10031,n
10032,E
10033,n
10034,A
10035,N
10036,A
10037,o
10038,I
10039,N
10040,T
10041,O
10042,M
10043,A
10044,A
10045,O
10046,R
10047,A
10048,N
10049,n
10050,R
10051,C
10052,N
10053,E
10054,O
10055,E
10056,O
10057,T
10058,T
10059,C
10060,O
10061,P
10062,2
10063,N
10064,E
10065,T
10066,A
10067,E
10068,U
10069,O
10070,A
10071,n
10072,D
10073,A
10074,S
10075,L
10076,A
10077,h
10078,P
10079,A
10080,P
10081,E
10082,e
10083,C
10084,O
10085,C
10086,N
10087,E
10088,H
10089,E
10090,T
10091,S
10092,t
10093,O
10094,A
10095,1
10096,A
10097,O
10098,A
10099,A
10100,D
10101,E
10102,O
10103,S
10104,R
10105,O
10106,e
10107,O
10108,A
10109,T
10110,N
10111,a
10112,A
10113,I
10114,E
10115,A
10116,H
10117,E
10118,A
10119,6
10120,T
10121,M
10122,O
10123,E
10124,C
10125,N
10126,O
10127,S
10128,r
10129,A
10130,E
10131,L
10132,8
10133,E
10134,P
10135,A
10136,F
10137,M
10138,O
10139,A
10140,A
10141,L
10142,A
10143,A
10144,l
10145,I
10146,A
10147,S
10148,r
10149,r
10150,S
10151,H
10152,A
10153,S
10154,t
10155,E
10156,A
10157,N
10158,1
10159,I
10160,R
10161,D
10162,H
10163,D
10164,O
10165,N
10166,E
10167,n
10168,S
10169,E
10170,E
10171,R
10172,E
10173,R
10174,v
10175,Y
10176,O
10177,1
10178,P
10179,7
10180,r
10181,O
10182,R
10183,O
10184,S
10185,o
10186,e
10187,O
10188,r
10189,I
10190,a
10191,E
10192,L
10193,e
10194,T
10195,A
10196,R
10197,T
10198,S
10199,C
10200,C
10201,S
10202,A
10203,N
10204,F
10205,l
10206,A
10207,E
10208,r
10209,T
10210,A
10211,L
10212,A
10213,C
10214,V
10215,A
10216,H
10217,C
10218,B
10219,O
10220,R
10221,C
10222,O
10223,S
10224,A
10225,O
10226,P
10227,V
10228,E
10229,A
10230,D
10231,r
10232,E
10233,A
10234,h
10235,S
10236,A
10237,T
10238,R
10239,A
10240,I
10241,E
10242,O
10243,V
10244,S
10245,S
10246,P
10247,E
10248,e
10249,E
10250,E
10251,S
10252,C
10253,M
10254,E
10255,L
10256,D
10257,A
10258,E
10259,T
10260,A
10261,A
10262,E
10263,E
10264,E
10265,A
10266,O
10267,S
10268,D
10269,O
10270,M
10271,N
10272,A
10273,P
10274,R
10275,r
10276,O
10277,N
10278,e
10279,A
10280,E
10281,O
10282,I
10283,R
10284,m
10285,E
10286,P
10287,A
10288,O
10289,O
10290,P
10291,L
10292,R
10293,E
10294,R
10295,T
10296,N
10297,O
10298,E
10299,R
10300,N
10301,L
10302,S
10303,T
10304,D
10305,5
10306,C
10307,V
10308,A
10309,e
10310,N
10311,N
10312,t
10313,0
10314,E
10315,O
10316,1
10317,N
10318,E
10319,C
10320,r
10321,T
10322,r
10323,r
10324,A
10325,T
10326,R
10327,1
10328,N
10329,D
10330,o
10331,O
10332,R
10333,T
10334,9
10335,I
10336,E
10337,R
10338,S
10339,T
10340,A
10341,I
10342,O
10343,A
10344,S
10345,E
10346,O
10347,R
10348,O
10349,A
10350,n
10351,2
10352,A
10353,G
10354,I
10355,n
10356,A
10357,N
10358,H
10359,C
10360,A
10361,P
10362,I
10363,I
10364,A
10365,I
10366,T
10367,E
10368,A
10369,T
10370,I
10371,A
10372,T
10373,O
10374,E
10375,e
10376,t
10377,U
10378,a
10379,S
10380,T
10381,E
10382,S
10383,T
10384,P
10385,I
10386,E
10387,S
10388,R
10389,S
10390,S
10391,S
10392,M
10393,S
10394,I
10395,M
10396,E
10397,T
10398,o
10399,E
10400,F
10401,D
10402,A
10403,A
10404,e
10405,I
10406,N
10407,A
10408,T
10409,H
10410,O
10411,A
10412,S
10413,T
10414,E
10415,i
10416,N
10417,E
10418,3
10419,D
10420,E
10421,T
10422,R
10423,D
10424,P
10425,M
10426,N
10427,E
10428,A
10429,E
10430,M
10431,O
10432,A
10433,I
10434,a
10435,V
10436,T
10437,A
10438,n
10439,I
10440,C
10441,P
10442,T
10443,o
10444,L
10445,A
10446,I
10447,I
10448,E
10449,R
10450,A
10451,a
10452,R
10453,E
10454,A
10455,C
10456,E
10457,R
10458,E
10459,U
10460,S
10461,L
10462,1
10463,A
10464,G
10465,y
10466,I
10467,O
10468,T
10469,o
10470,0
10471,O
10472,C
10473,A
10474,e
10475,D
10476,S
10477,e
10478,O
10479,I
10480,o
10481,O
10482,S
10483,I
10484,5
10485,T
10486,E
10487,U
10488,E
10489,E
10490,A
10491,A
10492,S
10493,O
10494,V
10495,I
10496,R
10497,L
10498,I
10499,T
10500,M
10501,o
10502,L
10503,O
10504,B
10505,S
10506,T
10507,R
10508,A
10509,e
10510,R
10511,R
10512,O
10513,P
10514,E
10515,y
10516,U
10517,i
10518,M
10519,N
10520,N
10521,M
10522,5
10523,d
10524,R
10525,T
10526,H
10527,O
10528,R
10529,N
10530,S
10531,R
10532,A
10533,F
10534,S
10535,0
10536,I
10537,A
10538,t
10539,R
10540,A
10541,E
10542,S
10543,T
10544,A
10545,e
10546,D
10547,6
10548,N
10549,A
10550,N
10551,L
10552,i
10553,A
10554,N
10555,I
10556,m
10557,A
10558,T
10559,L
10560,R
10561,I
10562,D
10563,V
10564,O
10565,E
10566,e
10567,v
10568,R
10569,n
10570,R
10571,O
10572,A
10573,P
10574,A
10575,N
10576,T
10577,S
10578,E
10579,P
10580,T
10581,O
10582,S
10583,i
10584,R
10585,I
10586,E
10587,O
10588,T
10589,n
10590,a
10591,s
10592,A
10593,N
10594,O
10595,A
10596,R
10597,P
10598,N
10599,a
10600,E
10601,A
10602,A
10603,V
10604,H
10605,r
10606,T
10607,S
10608,L
10609,A
10610,S
10611,N
10612,D
10613,P
10614,T
10615,A
10616,O
10617,E
10618,D
10619,O
10620,T
10621,r
10622,L
10623,A
10624,S
10625,S
10626,S
10627,E
10628,N
10629,N
10630,R
10631,O
10632,A
10633,r
10634,D
10635,r
10636,E
10637,E
10638,a
10639,S
10640,I
10641,e
10642,R
10643,I
10644,S
10645,I
10646,e
10647,S
10648,T
10649,O
10650,L
10651,S
10652,A
10653,i
10654,O
10655,A
10656,A
10657,P
10658,R
10659,r
10660,R
10661,i
10662,R
10663,2
10664,S
10665,U
10666,C
10667,N
10668,e
10669,A
10670,D
10671,L
10672,I
10673,M
10674,e
10675,s
10676,A
10677,D
10678,I
10679,S
10680,K
10681,M
10682,R
10683,0
10684,1
10685,R
10686,S
10687,E
10688,A
10689,P
10690,O
10691,O
10692,I
10693,C
10694,A
10695,I
10696,A
10697,L
10698,e
10699,e
10700,D
10701,I
10702,A
10703,A
10704,R
10705,T
10706,I
10707,R
10708,O
10709,A
10710,E
10711,A
10712,E
10713,E
10714,I
10715,N
10716,o
10717,E
10718,A
10719,A
10720,a
10721,0
10722,S
10723,T
10724,I
10725,T
10726,N
10727,I
10728,A
10729,L
10730,C
10731,E
10732,A
10733,r
10734,N
10735,C
10736,A
10737,o
10738,o
10739,O
10740,S
10741,r
10742,T
10743,A
10744,O
10745,I
10746,G
10747,T
10748,E
10749,C
10750,O
10751,A
10752,A
10753,I
10754,T
10755,R
10756,R
10757,A
10758,E
10759,T
10760,I
10761,S
10762,A
10763,P
10764,H
10765,C
10766,G
10767,A
10768,R
10769,I
10770,E
10771,A
10772,T
10773,S
10774,e
10775,R
10776,T
10777,A
10778,N
10779,N
10780,E
10781,N
10782,I
10783,R
10784,n
10785,A
10786,R
10787,P
10788,t
10789,O
10790,N
10791,A
10792,m
10793,P
10794,A
10795,I
10796,M
10797,6
10798,M
10799,I
10800,R
10801,O
10802,T
10803,E
10804,t
10805,A
10806,O
10807,S
10808,R
10809,I
10810,N
10811,I
10812,S
10813,E
10814,E
10815,A
10816,E
10817,R
10818,O
10819,I
10820,t
10821,E
10822,R
10823,R
10824,O
10825,A
10826,E
10827,L
10828,R
10829,R
10830,T
10831,O
10832,I
10833,S
10834,A
10835,I
10836,r
10837,A
10838,2
10839,C
10840,n
10841,H
10842,E
10843,T
10844,a
10845,A
10846,I
10847,R
10848,I
10849,6
10850,c
10851,R
10852,e
10853,A
10854,R
10855,I
10856,A
10857,O
10858,O
10859,N
10860,E
10861,R
10862,R
10863,T
10864,O
10865,A
10866,E
10867,E
10868,7
10869,A
10870,a
10871,I
10872,O
10873,S
10874,a
10875,E
10876,S
10877,t
10878,h
10879,n
10880,A
10881,N
10882,P
10883,R
10884,E
10885,A
10886,r
10887,R
10888,E
10889,R
10890,R
10891,T
10892,I
10893,S
10894,N
10895,O
10896,E
10897,E
10898,A
10899,C
10900,1
10901,A
10902,H
10903,T
10904,g
10905,O
10906,R
10907,N
10908,E
10909,r
10910,A
10911,I
10912,I
10913,A
10914,e
10915,T
10916,E
10917,M
10918,I
10919,O
10920,P
10921,A
10922,S
10923,A
10924,T
10925,I
10926,N
10927,A
10928,O
10929,I
10930,A
10931,O
10932,R
10933,H
10934,L
10935,H
10936,A
10937,E
10938,E
10939,I
10940,S
10941,C
10942,R
10943,N
10944,E
10945,O
10946,I
10947,r
10948,A
10949,e
10950,C
10951,E
10952,M
10953,t
10954,O
10955,T
10956,C
10957,A
10958,6
10959,E
10960,O
10961,A
10962,A
10963,R
10964,B
10965,T
10966,e
10967,O
10968,A
10969,N
10970,A
10971,S
10972,R
10973,E
10974,E
10975,N
10976,n
10977,A
10978,O
10979,R
10980,I
10981,I
10982,S
10983,o
10984,I
10985,a
10986,e
10987,H
10988,M
10989,2
10990,a
10991,T
10992,n
10993,e
10994,E
10995,O
10996,O
10997,E
10998,O
10999,A
11000,A
11001,L
11002,A
11003,a
11004,E
11005,R
11006,A
11007,O
11008,I
11009,O
11010,N
11011,T
11012,R
11013,A
11014,A
11015,N
11016,A
11017,N
11018,O
11019,A
11020,S
11021,E
11022,r
11023,I
11024,A
11025,T
11026,S
11027,M
11028,A
11029,D
11030,e
11031,e
11032,T
11033,S
11034,C
11035,r
11036,r
11037,e
11038,I
11039,r
11040,R
11041,A
11042,R
11043,n
11044,A
11045,A
11046,O
11047,A
11048,A
11049,N
11050,O
11051,C
11052,I
11053,o
11054,P
11055,t
11056,O
11057,O
11058,R
11059,A
11060,A
11061,r
11062,d
11063,R
11064,R
11065,O
11066,O
11067,O
11068,R
11069,6
11070,L
11071,o
11072,K
11073,E
11074,E
11075,N
11076,A
11077,E
11078,4
11079,O
11080,I
11081,L
11082,L
11083,N
11084,N
11085,n
11086,r
11087,C
11088,S
11089,a
11090,K
11091,T
11092,E
11093,N
11094,A
11095,r
11096,E
11097,O
11098,I
11099,A
11100,N
11101,T
11102,A
11103,N
11104,C
11105,N
11106,e
11107,L
11108,T
11109,e
11110,E
11111,m
11112,E
11113,M
11114,Q
11115,R
11116,h
11117,S
11118,S
11119,D
11120,3
11121,R
11122,A
11123,I
11124,E
11125,S
11126,R
11127,r
11128,O
11129,D
11130,S
11131,n
11132,D
11133,T
11134,T
11135,N
11136,R
11137,c
11138,T
11139,A
11140,E
11141,O
11142,7
11143,G
11144,L
11145,H
11146,I
11147,F
11148,H
11149,D
11150,O
11151,N
11152,1
11153,P
11154,v
11155,E
11156,M
11157,E
11158,A
11159,H
11160,C
11161,K
11162,A
11163,S
11164,O
11165,S
11166,A
11167,E
11168,O
11169,A
11170,R
11171,i
11172,E
11173,E
11174,E
11175,e
11176,R
11177,T
11178,i
11179,N
11180,T
11181,v
11182,E
11183,S
11184,T
11185,r
11186,O
11187,O
11188,O
11189,A
11190,L
11191,C
11192,T
11193,O
11194,E
11195,I
11196,E
11197,A
11198,E
11199,v
11200,S
11201,H
11202,E
11203,T
11204,N
11205,I
11206,O
11207,E
11208,N
11209,A
11210,d
11211,N
11212,A
11213,N
11214,E
11215,a
11216,E
11217,N
11218,E
11219,R
11220,A
11221,O
11222,R
11223,E
11224,A
11225,E
11226,E
11227,r
11228,o
11229,D
11230,S
11231,z
11232,E
11233,1
11234,R
11235,E
11236,R
11237,D
11238,O
11239,O
11240,I
11241,L
11242,R
11243,O
11244,I
11245,O
11246,M
11247,M
11248,O
11249,n
11250,R
11251,O
11252,S
11253,E
11254,i
11255,O
11256,P
11257,A
11258,T
11259,E
11260,o
11261,N
11262,D
11263,T
11264,H
11265,E
11266,S
11267,E
11268,a
11269,a
11270,A
11271,C
11272,C
11273,L
11274,e
11275,T
11276,E
11277,D
11278,R
11279,E
11280,O
11281,C
11282,R
11283,O
11284,S
11285,E
11286,T
11287,S
11288,M
11289,r
11290,I
11291,R
11292,a
11293,O
11294,R
11295,A
11296,7
11297,L
11298,O
11299,A
11300,P
11301,D
11302,S
11303,k
11304,A
11305,S
11306,T
11307,N
11308,S
11309,C
11310,A
11311,E
11312,S
11313,t
11314,S
11315,0
11316,I
11317,I
11318,o
11319,M
11320,E
11321,S
11322,R
11323,I
11324,E
11325,R
11326,S
11327,T
11328,H
11329,O
11330,T
11331,5
11332,A
11333,R
11334,T
11335,n
11336,E
11337,A
11338,i
11339,O
11340,A
11341,v
11342,e
11343,l
11344,O
11345,A
11346,r
11347,O
11348,e
11349,O
11350,S
11351,A
11352,T
11353,C
11354,A
11355,v
11356,C
11357,e
11358,C
11359,A
11360,N
11361,T
11362,T
11363,A
11364,r
11365,I
11366,R
11367,A
11368,S
11369,R
11370,A
11371,O
11372,L
11373,i
11374,h
11375,E
11376,R
11377,N
11378,A
11379,a
11380,C
11381,S
11382,S
11383,e
11384,R
11385,6
11386,I
11387,e
11388,E
11389,R
11390,C
11391,e
11392,O
11393,P
11394,A
11395,N
11396,O
11397,O
11398,R
11399,O
11400,N
11401,T
11402,l
11403,L
11404,8
11405,O
11406,n
11407,D
11408,H
11409,H
11410,R
11411,R
11412,I
11413,O
11414,c
11415,P
11416,S
11417,O
11418,e
11419,D
11420,H
11421,O
11422,A
11423,A
11424,e
11425,I
11426,E
11427,K
11428,N
11429,T
11430,N
11431,R
11432,L
11433,T
11434,O
11435,S
11436,E
11437,A
11438,A
11439,A
11440,D
11441,R
11442,A
11443,A
11444,H
11445,e
11446,N
11447,E
11448,N
11449,n
11450,E
11451,I
11452,E
11453,E
11454,S
11455,E
11456,Y
11457,a
11458,E
11459,e
11460,I
11461,A
11462,E
11463,I
11464,I
11465,L
11466,e
11467,R
11468,A
11469,U
11470,T
11471,s
11472,7
11473,I
11474,D
11475,N
11476,S
11477,A
11478,e
11479,C
11480,G
11481,D
11482,I
11483,H
11484,S
11485,P
11486,A
11487,N
11488,R
11489,N
11490,R
11491,E
11492,S
11493,D
11494,E
11495,O
11496,C
11497,T
11498,P
11499,C
11500,0
11501,N
11502,E
11503,S
11504,A
11505,e
11506,S
11507,O
11508,I
11509,O
11510,A
11511,r
11512,i
11513,O
11514,L
11515,D
11516,o
11517,O
11518,H
11519,c
11520,T
11521,G
11522,M
11523,L
11524,O
11525,O
11526,I
11527,Z
11528,O
11529,n
11530,a
11531,A
11532,D
11533,e
11534,A
11535,C
11536,T
11537,V
11538,O
11539,S
11540,U
11541,M
11542,A
11543,M
11544,O
11545,C
11546,e
11547,R
11548,I
11549,O
11550,O
11551,o
11552,A
11553,I
11554,r
11555,I
11556,A
11557,C
11558,R
11559,n
11560,E
11561,N
11562,I
11563,i
11564,A
11565,E
11566,d
11567,A
11568,S
11569,I
11570,T
11571,A
11572,D
11573,r
11574,T
11575,A
11576,O
11577,N
11578,L
11579,S
11580,O
11581,L
11582,r
11583,O
11584,L
11585,E
11586,A
11587,R
11588,O
11589,L
11590,E
11591,E
11592,O
11593,T
11594,O
11595,I
11596,D
11597,M
11598,T
11599,N
11600,T
11601,R
11602,A
11603,O
11604,A
11605,A
11606,I
11607,O
11608,n
11609,S
11610,D
11611,K
11612,E
11613,R
11614,A
11615,E
11616,o
11617,v
11618,A
11619,A
11620,A
11621,C
11622,T
11623,L
11624,R
11625,T
11626,A
11627,O
11628,G
11629,K
11630,T
11631,T
11632,A
11633,S
11634,A
11635,P
11636,h
11637,T
11638,H
11639,S
11640,C
11641,I
11642,T
11643,N
11644,E
11645,T
11646,R
11647,r
11648,T
11649,A
11650,I
11651,1
11652,D
11653,R
11654,O
11655,F
11656,5
11657,A
11658,D
11659,R
11660,e
11661,I
11662,L
11663,E
11664,A
11665,O
11666,s
11667,E
11668,W
11669,C
11670,I
11671,S
11672,L
11673,S
11674,N
11675,V
11676,E
11677,S
11678,A
11679,O
11680,S
11681,N
11682,o
11683,s
11684,A
11685,T
11686,E
11687,e
11688,O
11689,E
11690,C
11691,A
11692,N
11693,A
11694,H
11695,E
11696,6
11697,A
11698,e
11699,I
11700,I
11701,E
11702,S
11703,1
11704,P
11705,A
11706,R
11707,L
11708,A
11709,T
11710,e
11711,C
11712,U
11713,M
11714,e
11715,D
11716,A
11717,I
11718,S
11719,T
11720,A
11721,t
11722,n
11723,A
11724,S
11725,O
11726,A
11727,M
11728,H
11729,r
11730,E
11731,E
11732,3
11733,E
11734,r
11735,C
11736,a
11737,2
11738,I
11739,n
11740,e
11741,E
11742,e
11743,R
11744,A
11745,1
11746,S
11747,D
11748,A
11749,A
11750,H
11751,D
11752,O
11753,R
11754,E
11755,S
11756,A
11757,t
11758,c
11759,I
11760,S
11761,N
11762,N
11763,M
11764,O
11765,e
11766,6
11767,A
11768,I
11769,O
11770,H
11771,N
11772,O
11773,N
11774,D
11775,E
11776,M
11777,L
11778,A
11779,S
11780,R
11781,S
11782,R
11783,N
11784,S
11785,I
11786,E
11787,R
11788,D
11789,A
11790,a
11791,L
11792,L
11793,V
11794,a
11795,i
11796,I
11797,A
11798,L
11799,R
11800,S
11801,N
11802,R
11803,H
11804,e
11805,I
11806,r
11807,T
11808,R
11809,K
11810,O
11811,T
11812,R
11813,O
11814,E
11815,I
11816,S
11817,S
11818,Y
11819,h
11820,N
11821,N
11822,Y
11823,n
11824,A
11825,I
11826,S
11827,E
11828,E
11829,G
11830,I
11831,t
11832,A
11833,9
11834,D
11835,A
11836,O
11837,W
11838,O
11839,E
11840,E
11841,s
11842,I
11843,R
11844,E
11845,A
11846,T
11847,R
11848,o
11849,X
11850,e
11851,O
11852,A
11853,A
11854,A
11855,B
11856,I
11857,I
11858,4
11859,D
11860,A
11861,o
11862,T
11863,E
11864,P
11865,I
11866,d
11867,A
11868,r
11869,o
11870,A
11871,T
11872,a
11873,A
11874,C
11875,a
11876,e
11877,N
11878,I
11879,O
11880,N
11881,E
11882,A
11883,N
11884,T
11885,A
11886,S
11887,R
11888,T
11889,M
11890,I
11891,o
11892,T
11893,E
11894,e
11895,N
11896,S
11897,E
11898,O
11899,D
11900,C
11901,s
11902,H
11903,T
11904,I
11905,O
11906,N
11907,A
11908,S
11909,F
11910,L
11911,A
11912,R
11913,E
11914,R
11915,E
11916,s
11917,S
11918,T
11919,M
11920,A
11921,P
11922,M
11923,A
11924,e
11925,M
11926,R
11927,O
11928,L
11929,A
11930,A
11931,O
11932,L
11933,n
11934,I
11935,2
11936,O
11937,L
11938,A
11939,M
11940,E
11941,O
11942,N
11943,J
11944,E
11945,S
11946,A
11947,T
11948,N
11949,O
11950,O
11951,O
11952,A
11953,T
11954,E
11955,O
11956,R
11957,G
11958,R
11959,A
11960,e
11961,D
11962,E
11963,E
11964,R
11965,R
11966,S
11967,r
11968,A
11969,l
11970,T
11971,E
11972,I
11973,S
11974,T
11975,O
11976,I
11977,E
11978,R
11979,A
11980,E
11981,P
11982,R
11983,N
11984,R
11985,O
11986,D
11987,R
11988,D
11989,E
11990,O
11991,A
11992,N
11993,S
11994,A
11995,c
11996,R
11997,O
11998,A
11999,R
12000,T
12001,I
12002,I
12003,W
12004,S
12005,r
12006,N
12007,M
12008,A
12009,E
12010,B
12011,O
12012,L
12013,E
12014,7
12015,P
12016,A
12017,A
12018,O
12019,D
12020,T
12021,n
12022,4
12023,E
12024,S
12025,N
12026,S
12027,B
12028,R
12029,I
12030,e
12031,i
12032,D
12033,I
12034,o
12035,R
12036,O
12037,r
12038,A
12039,E
12040,O
12041,O
12042,E
12043,0
12044,O
12045,N
12046,S
12047,I
12048,R
12049,C
12050,A
12051,O
12052,a
12053,E
12054,S
12055,R
12056,A
12057,R
12058,O
12059,r
12060,e
12061,E
12062,I
12063,I
12064,M
12065,a
12066,e
12067,T
12068,H
12069,i
12070,R
12071,H
12072,C
12073,A
12074,A
12075,O
12076,t
12077,R
12078,A
12079,h
12080,o
12081,E
12082,a
12083,I
12084,S
12085,o
12086,a
12087,A
12088,m
12089,S
12090,t
12091,e
12092,M
12093,I
12094,Y
12095,M
12096,L
12097,R
12098,l
12099,R
12100,7
12101,r
12102,e
12103,D
12104,L
12105,I
12106,r
12107,T
12108,E
12109,n
12110,A
12111,A
12112,I
12113,I
12114,N
12115,A
12116,K
12117,E
12118,e
12119,N
12120,I
12121,t
12122,L
12123,S
12124,P
12125,T
12126,I
12127,S
12128,S
12129,E
12130,L
12131,O
12132,P
12133,E
12134,E
12135,O
12136,1
12137,U
12138,O
12139,H
12140,E
12141,O
12142,L
12143,S
12144,A
12145,A
12146,A
12147,I
12148,O
12149,E
12150,A
12151,O
12152,E
12153,R
12154,c
12155,r
12156,T
12157,A
12158,O
12159,O
12160,L
12161,L
12162,M
12163,T
12164,p
12165,O
12166,A
12167,O
12168,P
12169,D
12170,S
12171,C
12172,A
12173,T
12174,T
12175,I
12176,S
12177,A
12178,E
12179,D
12180,E
12181,C
12182,O
12183,C
12184,n
12185,B
12186,A
12187,O
12188,I
12189,E
12190,R
12191,E
12192,E
12193,S
12194,E
12195,N
12196,I
12197,0
12198,O
12199,B
12200,A
12201,E
12202,R
12203,s
12204,T
12205,6
12206,A
12207,A
12208,Y
12209,S
12210,I
12211,T
12212,G
12213,E
12214,a
12215,E
12216,t
12217,R
12218,I
12219,O
12220,m
12221,i
12222,N
12223,N
12224,A
12225,F
12226,I
12227,o
12228,I
12229,S
12230,O
12231,E
12232,E
12233,r
12234,E
12235,E
12236,D
12237,T
12238,M
12239,A
12240,R
12241,R
12242,d
12243,a
12244,e
12245,R
12246,R
12247,N
12248,L
12249,e
12250,R
12251,m
12252,E
12253,n
12254,O
12255,T
12256,O
12257,O
12258,I
12259,e
12260,A
12261,O
12262,I
12263,O
12264,I
12265,E
12266,C
12267,E
12268,O
12269,c
12270,E
12271,O
12272,2
12273,T
12274,D
12275,O
12276,O
12277,I
12278,C
12279,E
12280,N
12281,E
12282,D
12283,S
12284,L
12285,I
12286,O
12287,L
12288,L
12289,E
12290,R
12291,e
12292,A
12293,A
12294,N
12295,N
12296,M
12297,R
12298,C
12299,C
12300,I
12301,N
12302,P
12303,O
12304,e
12305,e
12306,A
12307,O
12308,A
12309,r
12310,e
12311,A
12312,M
12313,D
12314,M
12315,A
12316,A
12317,O
12318,A
12319,o
12320,R
12321,o
12322,I
12323,E
12324,R
12325,A
12326,R
12327,f
12328,R
12329,I
12330,I
12331,n
12332,F
12333,F
12334,r
12335,O
12336,N
12337,A
12338,C
12339,7
12340,S
12341,R
12342,S
12343,T
12344,E
12345,r
12346,I
12347,O
12348,S
12349,A
12350,A
12351,2
12352,A
12353,E
12354,R
12355,n
12356,E
12357,A
12358,A
12359,A
12360,A
12361,U
12362,T
12363,e
12364,l
12365,P
12366,A
12367,H
12368,e
12369,I
12370,A
12371,O
12372,E
12373,D
12374,N
12375,M
12376,o
12377,N
12378,C
12379,C
12380,M
12381,T
12382,d
12383,O
12384,N
12385,A
12386,C
12387,t
12388,R
12389,U
12390,6
12391,I
12392,L
12393,r
12394,N
12395,E
12396,C
12397,A
12398,E
12399,M
12400,A
12401,E
12402,L
12403,I
12404,D
12405,A
12406,R
12407,E
12408,T
12409,L
12410,N
12411,O
12412,N
12413,R
12414,t
12415,E
12416,I
12417,I
12418,O
12419,7
12420,H
12421,A
12422,I
12423,N
12424,R
12425,e
12426,A
12427,R
12428,E
12429,O
12430,S
12431,N
12432,A
12433,R
12434,I
12435,E
12436,T
12437,A
12438,R
12439,r
12440,A
12441,R
12442,A
12443,I
12444,O
12445,A
12446,S
12447,I
12448,o
12449,C
12450,A
12451,A
12452,A
12453,E
12454,A
12455,C
12456,I
12457,L
12458,X
12459,I
12460,A
12461,S
12462,i
12463,o
12464,y
12465,E
12466,N
12467,e
12468,e
12469,N
12470,C
12471,T
12472,R
12473,A
12474,E
12475,I
12476,Y
12477,I
12478,n
12479,6
12480,O
12481,A
12482,A
12483,L
12484,O
12485,N
12486,P
12487,A
12488,r
12489,A
12490,E
12491,S
12492,A
12493,A
12494,R
12495,C
12496,E
12497,T
12498,K
12499,O
12500,e
12501,A
12502,R
12503,D
